method,total_cost,lcoe_c_per_kwh
BOOST,286299.0702063343,18.726099495126576
DP,286431.2106711723,18.734742469377615
greedy,288181.7650241848,18.849241810791867
