method,total_cost,lcoe_c_per_kwh
BOOST,1321739.241623058,13.169358070940904
DP,1322609.8743582796,13.178032757957334
greedy,1329948.2470012596,13.251149794926539
